app_du,policy_name,horizon,sla_violation,over_provisioning,under_provisioning,scaling_actions,average_capacity
app_9733,reactive_service,5,0.0,32.81524088541682,0.0,143,85.12117788461556
app_9733,lagged_tracking_service,5,0.4879807692307692,0.6010750450721187,0.6714215995592991,1660,60.08148099459135
app_9733,predictive_service,5,0.0,18.176977722059434,0.0,421,78.32880527113795
app_4038,reactive_service,5,0.02283653846153846,172.3535046073718,0.211505408653853,453,520.6851682692308
app_4038,lagged_tracking_service,5,0.46334134615384615,9.317128004807929,15.42585937499996,1662,394.71591306089783
app_4038,predictive_service,5,0.025841346153846152,160.6044003546983,0.29713724813860504,348,561.1319075376495
app_3136,reactive_service,5,0.0006009615384615385,98.32689122596129,0.00010817307692366176,190,304.1464182692302
app_3136,lagged_tracking_service,5,0.4921875,2.7527268629807713,5.294814798677889,1661,234.15049256310067
app_3136,predictive_service,5,0.027644230769230768,67.59276390945466,0.7144622496283,367,303.5708821586241
app_4371,reactive_service,5,0.0,41.62437650240398,0.0,136,115.60133814102574
app_4371,lagged_tracking_service,5,0.4921875,0.9985792017227575,1.2142889372996781,1662,84.85779614883813
app_4371,predictive_service,5,0.001201923076923077,23.860288116497188,0.0073242455369067865,390,108.92646975537534
app_498,reactive_service,5,0.0,51.485125701121696,0.0,155,136.04012019230782
app_498,lagged_tracking_service,5,0.49158653846153844,1.36317653245194,1.7912247596154032,1662,96.81019543770059
app_498,predictive_service,5,0.0006009615384615385,28.710695166999944,0.0013046546140491866,353,125.94763417724995
app_442,reactive_service,5,0.0006009615384615385,153.7762349759626,0.00024439102564121327,300,478.0741987179498
app_442,lagged_tracking_service,5,0.4609375,8.50683956830955,4.906927609174755,1662,376.5428513120993
app_442,predictive_service,5,0.005408653846153846,107.89208072948033,0.10720188570402887,355,480.7278181967409
app_2819,reactive_service,5,0.002403846153846154,30.85559094551278,0.01752303685897398,88,73.98451923076922
app_2819,lagged_tracking_service,5,0.5024038461538461,1.0495983323317355,1.372602213541664,1661,49.29541513922282
app_2819,predictive_service,5,0.008413461538461538,19.34859663134394,0.058187842698435084,375,68.90882780907825
app_5159,reactive_service,5,0.020432692307692308,34.55421524439104,1.2022946714743603,92,92.06276442307707
app_5159,lagged_tracking_service,5,0.48377403846153844,0.9504210486778877,2.9129912610176314,1661,65.55490021534472
app_5159,predictive_service,5,0.025240384615384616,15.126844346625951,2.004228406140853,446,80.64008636816955
app_7908,reactive_service,5,0.019230769230769232,201.144109074523,0.5997095352563286,825,663.0414262820551
app_7908,lagged_tracking_service,5,0.4717548076923077,57.850370292469584,18.339722230569308,1662,571.382228816107
app_7908,predictive_service,5,0.002403846153846154,301.25911229640525,0.14229772702991605,345,832.988395323582
app_4220,reactive_service,5,0.03245192307692308,117.04567758413495,0.43892828525640487,499,319.8209214743593
app_4220,lagged_tracking_service,5,0.4657451923076923,6.143101061698683,10.485027268629848,1662,229.35437179487178
app_4220,predictive_service,5,0.015024038461538462,115.84771475170493,0.16846802429470253,366,349.3755447292132
app_4456,reactive_service,5,0.024639423076923076,183.9965079126602,0.18632612179488361,488,596.66453525641
app_4456,lagged_tracking_service,5,0.4699519230769231,6.169324969951908,22.223380033053086,1662,458.72845142227504
app_4456,predictive_service,5,0.051682692307692304,166.2310504895176,0.7559910364082416,434,640.2575659384856
app_888,reactive_service,5,0.0,21.441866486378267,0.0,67,57.3977163461539
app_888,lagged_tracking_service,5,0.4957932692307692,0.7286308844150656,0.8466065955528855,1662,41.23125162760415
app_888,predictive_service,5,0.004807692307692308,9.671452446788141,0.006715815689925319,449,51.0139639698402
app_4832,reactive_service,5,0.025240384615384616,90.85457532051238,1.4956119791666784,337,252.9510817307684
app_4832,lagged_tracking_service,5,0.48197115384615385,4.940478440504797,10.45927912159453,1662,182.61213546674634
app_4832,predictive_service,5,0.030048076923076924,106.41875471008377,2.2185622801656306,367,292.33112857775427
app_2965,reactive_service,5,0.012620192307692308,115.10251802884451,0.5849594350961816,182,471.1428445512801
app_2965,lagged_tracking_service,5,0.5204326923076923,2.529919095552871,6.742502228565783,1662,405.90649571814845
app_2965,predictive_service,5,0.01201923076923077,95.09020383981179,1.1738651233640696,390,504.0354175676092
app_7876,reactive_service,5,0.04567307692307692,106.99178846153774,25.262807491987207,165,258.44787660256355
app_7876,lagged_tracking_service,5,0.5036057692307693,3.5593116386218417,39.412471754807704,1662,167.37356986177923
app_7876,predictive_service,5,0.045072115384615384,125.55716244045757,27.587667615334592,413,301.19622480308806
app_56,reactive_service,5,0.0,35.98619391025639,0.0,108,106.39434294871793
app_56,lagged_tracking_service,5,0.49158653846153844,0.6976940354567296,0.7172841546474298,1662,80.94978127504008
app_56,predictive_service,5,0.0,18.00302097891464,0.0,396,98.97239237314541
app_9081,reactive_service,5,0.0,33.032290665064046,0.0,116,85.00689903846147
app_9081,lagged_tracking_service,5,0.49759615384615385,0.5762117638221144,0.5861811899038463,1660,59.7608302033253
app_9081,predictive_service,5,0.0006009615384615385,11.34154706059628,0.0027710354157127236,443,71.1095756545876
app_9541,reactive_service,5,0.010216346153846154,21.549252303685876,0.07184094551282111,180,63.87647435897434
app_9541,lagged_tracking_service,5,0.4891826923076923,1.1424151893028904,1.6279570062099369,1662,48.273380634014416
app_9541,predictive_service,5,0.027043269230769232,20.585746108407736,0.3499446667707028,434,68.9947238925585
app_141,reactive_service,5,0.010817307692307692,237.17584234775333,0.20850560897439413,614,801.8170993589696
app_141,lagged_tracking_service,5,0.4567307692307692,35.81578983874127,40.78906512920594,1662,644.6039517227546
app_141,predictive_service,5,0.002403846153846154,248.49298310698128,0.01799297841190115,371,898.0522171417887
app_5420,reactive_service,5,0.01622596153846154,35.379725060096206,1.5179407051282026,64,89.44205128205141
app_5420,lagged_tracking_service,5,0.5006009615384616,0.7482045272435952,3.2018842648237174,1662,61.46362722856578
app_5420,predictive_service,5,0.021033653846153848,20.91887275134545,2.0171266657458435,405,82.8190530517455
app_7505,reactive_service,5,0.051682692307692304,7.214087540064105,3.8374368990384693,226,19.972331730769096
app_7505,lagged_tracking_service,5,0.46634615384615385,1.000671223958329,5.2945342047275705,1657,14.791170272435725
app_7505,predictive_service,5,0.059495192307692304,6.5474394985167415,4.664191876220053,487,20.968280875501662
app_5657,reactive_service,5,0.10697115384615384,160.24037960737084,7.690689603365521,790,532.7059134615372
app_5657,lagged_tracking_service,5,0.47475961538461536,33.744978715945464,30.674585011017605,1662,440.25005068108965
app_5657,predictive_service,5,0.010817307692307692,237.7939641368535,0.7200543347105965,367,674.2535667783047
app_3665,reactive_service,5,0.034254807692307696,117.59165464743658,0.8147676282051127,446,369.66826121794907
app_3665,lagged_tracking_service,5,0.4813701923076923,16.645879331931205,10.416771384214739,1662,297.0541882762417
app_3665,predictive_service,5,0.036057692307692304,147.84672161343585,1.0797466816907113,335,437.5920552602704
app_8661,reactive_service,5,0.006009615384615385,46.91594050480764,0.5238261217948714,144,139.93358173076916
app_8661,lagged_tracking_service,5,0.49759615384615385,1.739195738181095,3.230154046474361,1662,106.08172914162658
app_8661,predictive_service,5,0.017427884615384616,29.331160167774843,0.9049076911200771,384,135.99893992657462
app_2241,reactive_service,5,0.014423076923076924,99.89847055288496,0.18774288862178554,630,299.3454567307697
app_2241,lagged_tracking_service,5,0.4597355769230769,4.033045397636287,4.621454777644217,1662,228.9915290464745
app_2241,predictive_service,5,0.028245192307692308,108.35093079395064,0.5376331196485712,325,337.3932361007845
app_5895,reactive_service,5,0.010216346153846154,107.83373898237211,0.1621584535256405,364,327.6995753205128
app_5895,lagged_tracking_service,5,0.4699519230769231,3.714271885016078,6.218876852964808,1662,250.52758904246755
app_5895,predictive_service,5,0.007211538461538462,109.00450123871391,0.23381600177990267,343,361.8028792473503
app_7475,reactive_service,5,0.0,38.77309945913453,0.0,41,146.10683493589687
app_7475,lagged_tracking_service,5,0.5012019230769231,0.861954777644221,0.9704385516826861,1662,123.32531202423822
app_7475,predictive_service,5,0.001201923076923077,29.857848036997076,0.011576246544471484,397,153.28006758872928
app_2264,reactive_service,5,0.0,68.45193108974368,0.0,278,217.3079246794872
app_2264,lagged_tracking_service,5,0.4807692307692308,1.508476287059287,1.5857996544471324,1662,171.10706926081716
app_2264,predictive_service,5,0.0006009615384615385,51.07035911594959,0.010798594300881446,380,222.24395314985375
app_8274,reactive_service,5,0.008413461538461538,44.88814002403824,0.10602864583333488,49,111.25394230769167
app_8274,lagged_tracking_service,5,0.5006009615384616,0.9550351812900753,1.5879951672676453,1662,75.80964558293223
app_8274,predictive_service,5,0.01201923076923077,19.984119273621893,0.205507052792245,411,96.22121778973944
app_1675,reactive_service,5,0.022235576923076924,40.487678786057444,0.6345242387820597,268,114.79714743589722
app_1675,lagged_tracking_service,5,0.4855769230769231,3.3732846554486833,4.292296799879823,1662,85.26657967748396
app_1675,predictive_service,5,0.028846153846153848,43.49199473746164,1.341909615418008,354,128.33567694395873
app_3183,reactive_service,5,0.048677884615384616,34.72297075320552,4.909228265224356,289,82.7958173076926
app_3183,lagged_tracking_service,5,0.48257211538461536,2.364204076522463,10.022983723958362,1662,53.27060639523223
app_3183,predictive_service,5,0.043870192307692304,52.36562503816465,5.335402064267134,336,107.95960901656562
app_3073,reactive_service,5,0.0006009615384615385,14.482472455929521,3.2051282051355384e-05,18,43.59447115384623
app_3073,lagged_tracking_service,5,0.48978365384615385,0.4574289112580128,0.5616710737179511,1660,33.37459319911865
app_3073,predictive_service,5,0.0030048076923076925,7.416064326057016,0.007117280412409648,452,40.88778240722319
app_9352,reactive_service,5,0.0030048076923076925,83.69879707532051,0.01848357371794757,249,213.0723317307693
app_9352,lagged_tracking_service,5,0.4963942307692308,1.7499512219551445,3.0789231270032102,1661,147.47184905849363
app_9352,predictive_service,5,0.027644230769230768,60.90384068468722,0.3165906355084778,371,209.3880710127205
app_1215,reactive_service,5,0.0006009615384615385,26.45479216746789,4.507211538462563e-05,46,77.34786057692305
app_1215,lagged_tracking_service,5,0.4879807692307692,0.6123952073317317,0.7653022836538479,1662,58.37417342748404
app_1215,predictive_service,5,0.0006009615384615385,11.274063018569539,0.0002615994162087354,464,69.80088192295949
app_6763,reactive_service,5,0.0,38.8169796674677,0.0,255,119.40661057692272
app_6763,lagged_tracking_service,5,0.4879807692307692,0.7411892528044871,0.6938148537660249,1660,92.72544994491172
app_6763,predictive_service,5,0.0,33.03817026535518,0.0,412,125.71624581122843
app_8832,reactive_service,5,0.0006009615384615385,18.150669070512894,0.0023247195512820294,104,51.56625801282056
app_8832,lagged_tracking_service,5,0.4933894230769231,0.6196063201121819,0.653329251802887,1658,38.39687777944708
app_8832,predictive_service,5,0.001201923076923077,8.43181493552972,0.014671784652070311,482,46.847743862015435
app_647,reactive_service,5,0.006610576923076923,145.42375851362272,0.14906650641025213,314,436.04709134615445
app_647,lagged_tracking_service,5,0.47055288461538464,6.303643028846131,12.283059770633175,1662,328.4088424979961
app_647,predictive_service,5,0.03365384615384615,119.19523482918231,0.6843098664291204,367,452.8991842025364
app_2856,reactive_service,5,0.022235576923076924,69.75153896233984,0.29425180288460745,371,171.0393509615386
app_2856,lagged_tracking_service,5,0.47415865384615385,3.2109301883012646,6.382003480568871,1662,113.64830008012817
app_2856,predictive_service,5,0.010817307692307692,88.7705928155546,0.2010885275078977,322,205.38887766044246
app_4650,reactive_service,5,0.001201923076923077,83.93000200320519,0.006030649038461673,344,220.408798076923
app_4650,lagged_tracking_service,5,0.48377403846153844,3.012494766626624,4.062657026242016,1662,155.90738847155438
app_4650,predictive_service,5,0.006009615384615385,63.475658678674215,0.04249646619829976,379,220.3907129436457
app_5029,reactive_service,5,0.0018028846153846155,54.19291065705135,0.0033122996794870707,250,159.2547836538462
app_5029,lagged_tracking_service,5,0.48497596153846156,1.5787367538060928,1.707205854366987,1661,120.69649399038462
app_5029,predictive_service,5,0.0,36.44443931632581,0.0,365,157.26940240727131
app_512,reactive_service,5,0.003605769230769231,74.83795222355732,0.02599358974359215,230,210.208365384615
app_512,lagged_tracking_service,5,0.48257211538461536,2.3225332782451975,3.427093449519229,1662,154.60130759214746
app_512,predictive_service,5,0.005408653846153846,63.23701037691098,0.0953267713652557,359,218.84755136896723
app_1825,reactive_service,5,0.0006009615384615385,41.272298177083414,3.3052884615388714e-05,149,113.3590865384616
app_1825,lagged_tracking_service,5,0.484375,1.1295949268830148,1.4753734224759656,1661,82.55406613080928
app_1825,predictive_service,5,0.007211538461538462,22.121645126979015,0.017425276460193873,414,105.00406447692103
app_5035,reactive_service,5,0.0,28.80430138221145,0.0,187,92.5983653846153
app_5035,lagged_tracking_service,5,0.49038461538461536,1.3844830979567249,0.7192843048878241,1660,74.02837239583336
app_5035,predictive_service,5,0.16466346153846154,15.103784261299378,1.4246538438322913,480,87.04230402023154
app_1254,reactive_service,5,0.015024038461538462,34.11458133012815,0.11136117788461702,275,85.55300480769228
app_1254,lagged_tracking_service,5,0.49759615384615385,2.1898278495592987,3.620720878405457,1662,57.8513593249199
app_1254,predictive_service,5,0.007211538461538462,44.53677905474786,0.14835584668386056,355,103.67067556183005
app_5877,reactive_service,5,0.013221153846153846,29.580938000801282,0.14370893429487058,178,81.55937500000006
app_5877,lagged_tracking_service,5,0.4855769230769231,1.2515560897435871,1.8583582732371866,1662,59.33366564002412
app_5877,predictive_service,5,0.020432692307692308,20.806021432776074,0.2768435268465185,381,80.4696457294473
app_2497,reactive_service,5,0.013221153846153846,55.34283353365364,0.43136618589744224,86,147.5268269230766
app_2497,lagged_tracking_service,5,0.4921875,1.0916253255208175,3.267964668469544,1662,104.33132416866972
app_2497,predictive_service,5,0.02283653846153846,38.002551027839374,0.9989676750050139,390,143.5112468644528
app_5652,reactive_service,5,0.0,29.18352514022429,0.0,53,96.42625
app_5652,lagged_tracking_service,5,0.49939903846153844,0.8621336388221069,1.0739732321714697,1661,77.11729399539271
app_5652,predictive_service,5,0.0,21.96715516926135,0.0,461,99.29628875800343
app_9030,reactive_service,5,0.0,44.811764823717866,0.0,129,124.31242788461526
app_9030,lagged_tracking_service,5,0.48978365384615385,0.8877697816506438,1.0523857171474387,1662,91.26114658453523
app_9030,predictive_service,5,0.004807692307692308,23.781715423524375,0.027441114262821083,360,115.18003682929358
app_3988,reactive_service,5,0.014423076923076924,49.706804387019325,0.8639773637820605,90,124.1410336538458
app_3988,lagged_tracking_service,5,0.49819711538461536,1.01144643930289,4.169332832532058,1662,83.43505123197062
app_3988,predictive_service,5,0.02283653846153846,46.96986196836221,1.433349236904057,375,132.12945035665794
app_8360,reactive_service,5,0.010817307692307692,18.50741666666657,0.05974258814102694,160,48.56829326923064
app_8360,lagged_tracking_service,5,0.48197115384615385,0.7162688251201922,1.2722571364182718,1660,34.082723758012776
app_8360,predictive_service,5,0.022235576923076924,12.653546493534096,0.11611420989774081,404,47.176144352947205
app_2296,reactive_service,5,0.022235576923076924,43.2996063701923,0.2986518429487181,179,108.46756410256405
app_2296,lagged_tracking_service,5,0.4885817307692308,2.0021978916266017,2.8592841796875024,1659,74.42951472355765
app_2296,predictive_service,5,0.03786057692307692,22.32874778845472,1.3339983099349444,371,96.28135049013832
app_2557,reactive_service,5,0.0,28.014600360576914,0.0,121,87.29750801282049
app_2557,lagged_tracking_service,5,0.47896634615384615,0.5855109675480767,0.652360551883012,1660,68.10849421574517
app_2557,predictive_service,5,0.002403846153846154,18.55049960911434,0.0035813906102940894,399,86.72226201858416
app_7264,reactive_service,5,0.020432692307692308,17.006853966346267,0.0859385016025623,548,44.904711538461626
app_7264,lagged_tracking_service,5,0.4957932692307692,3.6875188301282145,3.8941743790064214,1662,31.97470993589741
app_7264,predictive_service,5,0.06971153846153846,17.443204993253,0.5531503399694085,402,49.0714201380592
app_3472,reactive_service,5,0.002403846153846154,37.96781400240376,0.03636017628205149,124,87.2781971153845
app_3472,lagged_tracking_service,5,0.47596153846153844,0.6472094851762867,1.0664767878605812,1659,56.32948747996792
app_3472,predictive_service,5,0.010817307692307692,16.978795872735837,0.23043266859475187,371,73.49711798679331
app_2024,reactive_service,5,0.001201923076923077,26.121723257211595,0.03851562499999998,89,66.89560096153848
app_2024,lagged_tracking_service,5,0.49759615384615385,0.5438637820512826,0.6452180739182704,1662,46.83289803685894
app_2024,predictive_service,5,0.002403846153846154,13.376224658686475,0.06648392738500643,412,60.243993060027414
app_5729,reactive_service,5,0.04567307692307692,30.59821564503213,1.579151642628202,431,74.12432692307699
app_5729,lagged_tracking_service,5,0.4951923076923077,2.265824694511223,8.692416566506399,1662,45.44446048677885
app_5729,predictive_service,5,0.061899038461538464,36.291053575708105,1.2966482891642537,361,86.86545764531789
app_459,reactive_service,5,0.04146634615384615,7.86015374599358,1.6381480368589796,203,20.743701923076816
app_459,lagged_tracking_service,5,0.48497596153846156,0.8202675530849374,2.716398212139428,1659,14.803819986979057
app_459,predictive_service,5,0.0625,4.657525311079187,2.2273171162499903,505,19.13015884086274
app_7766,reactive_service,5,0.006610576923076923,24.805692608173032,0.308446514423076,63,62.221298076923034
app_7766,lagged_tracking_service,5,0.5006009615384616,0.6749886067708377,1.3466396484375036,1660,42.71100873898236
app_7766,predictive_service,5,0.010817307692307692,11.33798652307821,0.5731446008276289,441,54.14750170289961
app_460,reactive_service,5,0.004206730769230769,12.158251201923074,0.1370663060897439,14,27.00044871794862
app_460,lagged_tracking_service,5,0.49278846153846156,0.2452828525641029,0.4458597005208344,1660,17.025576547475858
app_460,predictive_service,5,0.007211538461538462,6.583671755102769,0.19237737239082586,531,23.617447778144534
app_7227,reactive_service,5,0.055288461538461536,20.598594751602555,2.8409545272435888,254,45.46329326923075
app_7227,lagged_tracking_service,5,0.49459134615384615,0.8995196564503194,6.117899864783648,1661,26.643120793269226
app_7227,predictive_service,5,0.03125,45.46278689819243,2.4563872712337784,422,74.86790062856122
app_3632,reactive_service,5,0.12560096153846154,198.1783718950326,10.240236378204871,883,635.992107371795
app_3632,lagged_tracking_service,5,0.4717548076923077,16.798431415264233,47.24334094551192,1662,484.81715810296487
app_3632,predictive_service,5,0.04266826923076923,240.41425548369278,0.5361426826111121,492,755.1401804342943
app_9741,reactive_service,5,0.09495192307692307,69.74089493189109,10.8373252203523,537,178.72334935897496
app_9741,lagged_tracking_service,5,0.4909855769230769,6.519315379607438,27.458057266626174,1661,116.85400470753281
app_9741,predictive_service,5,0.034254807692307696,211.63888841403426,5.8294001135935725,357,343.6022348949922
app_3979,reactive_service,5,0.02403846153846154,25.84115134214742,0.6526898036858999,226,66.33139423076929
app_3979,lagged_tracking_service,5,0.48197115384615385,1.0398359875801282,2.52075358072917,1661,45.833455003004886
app_3979,predictive_service,5,0.030048076923076924,19.321953328984172,0.7333428586363198,368,65.90298306650178
app_1658,reactive_service,5,0.001201923076923077,77.33508613782048,0.001268028846153974,333,257.0784615384615
app_1658,lagged_tracking_service,5,0.48677884615384615,1.8364543269230986,1.5399268579727896,1662,207.00286741286055
app_1658,predictive_service,5,0.0,67.1289855373362,0.0,407,273.83532548124646
app_3641,reactive_service,5,0.010216346153846154,33.74450821314117,0.1631069711538435,224,107.9831730769233
app_3641,lagged_tracking_service,5,0.47716346153846156,0.8836641626602508,1.183225385616978,1660,85.26247638721958
app_3641,predictive_service,5,0.4332932692307692,11.781478431754007,6.856057732421556,417,90.48745830950875
app_6911,reactive_service,5,0.04266826923076923,85.18307491987194,0.5233653846153822,442,229.3259455128209
app_6911,lagged_tracking_service,5,0.48377403846153844,4.474896459335017,6.067581555488785,1661,164.77348627804514
app_6911,predictive_service,5,0.05048076923076923,84.82817037963261,1.0138853164736454,412,250.1804564373579
app_6597,reactive_service,5,0.01622596153846154,212.0542823517626,0.592616686698719,751,710.6099358974357
app_6597,lagged_tracking_service,5,0.4657451923076923,52.096470377603914,23.823814478165385,1662,602.293166666666
app_6597,predictive_service,5,0.0018028846153846155,281.6958020523447,0.00603996278086557,343,855.7102728567913
app_7419,reactive_service,5,0.052884615384615384,95.1272220552885,2.6209525240384575,492,241.92477564102578
app_7419,lagged_tracking_service,5,0.4873798076923077,10.231842873597717,11.843575170272402,1662,170.21954972956732
app_7419,predictive_service,5,0.05829326923076923,114.7680200336419,3.432032622943996,486,283.16726943694
app_559,reactive_service,5,0.0,64.66627804487183,0.0,153,180.8621153846154
app_559,lagged_tracking_service,5,0.4951923076923077,1.3129347956730728,1.3596236728765936,1662,133.5785240635016
app_559,predictive_service,5,0.001201923076923077,38.613645137478464,0.003343189714257203,372,172.23551488846937
app_484,reactive_service,5,0.04146634615384615,18.72774489182688,2.1321809895833317,193,54.72084134615373
app_484,lagged_tracking_service,5,0.4963942307692308,1.0294213992387837,4.551186748798077,1661,40.32230371093741
app_484,predictive_service,5,0.056490384615384616,14.207277075873561,3.037631479049009,407,55.01371465732125
app_6140,reactive_service,5,0.1328125,64.30708643830114,8.157732371794909,892,178.73144230769225
app_6140,lagged_tracking_service,5,0.5234375,18.46217474459145,30.104427934695536,1662,129.32714828725983
app_6140,predictive_service,5,0.1388221153846154,93.81642936324869,5.57842223230177,479,229.20740860831086
app_5732,reactive_service,5,0.010216346153846154,114.26382261618643,0.13560997596153035,611,381.2591346153849
app_5732,lagged_tracking_service,5,0.4855769230769231,12.12134234775639,4.745713040865416,1662,314.5761895783251
app_5732,predictive_service,5,0.004807692307692308,128.2738392283451,0.15877675679062658,353,435.31562274298864
app_8205,reactive_service,5,0.009615384615384616,34.0950350560898,0.04409555288461489,453,93.36055288461543
app_8205,lagged_tracking_service,5,0.484375,3.1093853916265997,2.4530739433092985,1660,68.86236683693907
app_8205,predictive_service,5,0.0390625,41.01716042414012,0.32331731676486025,446,108.89989849599701
app_263,reactive_service,5,0.0006009615384615385,146.01090244391122,0.004093549679487248,458,461.0381810897449
app_263,lagged_tracking_service,5,0.47055288461538464,11.546145532852664,10.733923677884436,1662,363.0982998798081
app_263,predictive_service,5,0.0018028846153846155,137.83527881146094,0.05461794224091772,349,500.06673889406005
app_4619,reactive_service,5,0.036057692307692304,7.904391025640994,1.518192107371801,179,22.07822115384604
app_4619,lagged_tracking_service,5,0.4777644230769231,0.5857838541666692,2.4846156350160324,1659,16.146993790064016
app_4619,predictive_service,5,0.045072115384615384,6.395607110281256,1.76140985894634,486,22.680022822248297
app_2660,reactive_service,5,0.0030048076923076925,30.127221554487218,0.02443810096153842,123,82.79519230769235
app_2660,lagged_tracking_service,5,0.48617788461538464,0.9240049579326909,0.9278278495592966,1660,60.592447290665056
app_2660,predictive_service,5,0.006610576923076923,20.788796090003874,0.05604055969808091,386,81.32902571259746
app_4142,reactive_service,5,0.042067307692307696,10.821595552884599,2.3854296875000025,174,25.710600961538333
app_4142,lagged_tracking_service,5,0.4873798076923077,0.6198133513621792,3.7191311348157083,1662,16.76628257712326
app_4142,predictive_service,5,0.033052884615384616,13.475375972951353,2.440983037657673,435,30.89999329587047
app_3707,reactive_service,5,0.001201923076923077,24.620769230769206,0.0020703125000000985,43,62.11678685897433
app_3707,lagged_tracking_service,5,0.4909855769230769,0.6475198818108988,0.9021472355769268,1660,42.868173778044856
app_3707,predictive_service,5,0.009615384615384616,13.255742751722684,0.08933257583651702,371,56.28921130769705
app_582,reactive_service,5,0.028846153846153848,73.0964292868592,0.4637715344551362,158,209.26549679487204
app_582,lagged_tracking_service,5,0.4933894230769231,2.4452740635015933,6.727446539463151,1660,152.84559242287656
app_582,predictive_service,5,0.03485576923076923,44.99792966095884,1.778992197458812,351,200.34670236233814
app_7791,reactive_service,5,0.0,19.085392127403825,0.0,69,51.833629807692255
app_7791,lagged_tracking_service,5,0.4951923076923077,0.463475711137822,0.47620032051282263,1660,37.647748722956706
app_7791,predictive_service,5,0.0006009615384615385,7.140267066015588,0.0007566959109575439,490,44.79998370243634
app_6658,reactive_service,5,0.001201923076923077,59.70719350961545,0.008547676282051211,177,172.2236057692308
app_6658,lagged_tracking_service,5,0.49459134615384615,2.4050017778445576,2.9169155899439074,1662,128.8917901141827
app_6658,predictive_service,5,0.01141826923076923,37.02272487534447,0.1262138031911767,348,166.3002149984353
app_6791,reactive_service,5,0.0,33.74066656650639,0.0,79,93.0493028846154
app_6791,lagged_tracking_service,5,0.4921875,1.0527349759615416,1.8468982121394215,1662,67.41076852964748
app_6791,predictive_service,5,0.003605769230769231,18.66471380681945,0.0057886278947107276,355,86.8638569447501
app_3924,reactive_service,5,0.0,23.85644511217949,0.0,40,61.78453525641022
app_3924,lagged_tracking_service,5,0.4969951923076923,0.8994120542868637,1.0819071264022526,1661,43.434808593749956
app_3924,predictive_service,5,0.0078125,10.526790679972102,0.02669287667327278,414,54.11740146916417
app_5805,reactive_service,5,0.012620192307692308,54.00763070913506,0.18155448717948255,246,134.35139423076947
app_5805,lagged_tracking_service,5,0.484375,1.3471083233172887,3.2450210336538516,1662,90.70620299979943
app_5805,predictive_service,5,0.02283653846153846,42.48872448496336,0.5450591780742138,336,134.54778101702513
app_3511,reactive_service,5,0.0030048076923076925,84.21248998397435,0.044131610576922976,427,248.86975160256432
app_3511,lagged_tracking_service,5,0.4735576923076923,2.5386972405849333,3.578438927283663,1662,188.36686052684314
app_3511,predictive_service,5,0.010216346153846154,79.48770616880091,0.30955698733783193,352,268.5847513950049
app_3422,reactive_service,5,0.0006009615384615385,4.041738782051283,0.00025540865384615,13,9.313918269230722
app_3422,lagged_tracking_service,5,0.4699519230769231,0.14100931490384577,0.15330944511217903,1643,6.050999999999944
app_3422,predictive_service,5,0.003605769230769231,2.008775462547697,0.007420999046569773,495,8.064654593709404
app_2324,reactive_service,5,0.028846153846153848,34.23405649038412,7.9403901241987445,270,83.34021634615328
app_2324,lagged_tracking_service,5,0.4801682692307692,1.2589536508413433,11.521687925681107,1662,55.340798202123295
app_2324,predictive_service,5,0.034254807692307696,31.128584582598346,9.581297216914349,395,87.15081984264705
app_3238,reactive_service,5,0.0,73.42408623798094,0.0,478,226.84403846153876
app_3238,lagged_tracking_service,5,0.47475961538461536,3.8644181690705404,1.9672604116586583,1662,178.33010281450336
app_3238,predictive_service,5,0.0,85.82291136713408,0.0,319,262.2558564242256
app_565,reactive_service,5,0.03125,82.44619190705072,4.866978165064121,407,251.65350961538394
app_565,lagged_tracking_service,5,0.4879807692307692,4.615424003405442,14.57011045172275,1662,190.23075380608964
app_565,predictive_service,5,0.036057692307692304,82.71930958106442,6.01544496286202,360,276.8893048726094
app_1797,reactive_service,5,0.0,38.1657997796475,0.0,72,98.04193108974371
app_1797,lagged_tracking_service,5,0.4963942307692308,0.8809253555689073,1.0760976812900647,1659,68.66237868088947
app_1797,predictive_service,5,0.014423076923076924,14.989111734069533,0.05665495769642067,410,83.79000778298375
app_6026,reactive_service,5,0.001201923076923077,43.76434495192331,0.01381911057692272,293,143.44629807692334
app_6026,lagged_tracking_service,5,0.46875,1.0639872796474368,1.1181682191506392,1662,114.59595713141026
app_6026,predictive_service,5,0.0006009615384615385,43.56763756623036,0.0007712846697573055,393,158.21700435247405
app_521,reactive_service,5,0.0,48.01320362580121,0.0,275,152.82093749999993
app_521,lagged_tracking_service,5,0.49759615384615385,1.2547042017227632,1.4209225010016047,1660,120.36267565604973
app_521,predictive_service,5,0.012620192307692308,35.89478274501365,0.09609001459218525,412,156.32758668575
app_5936,reactive_service,5,0.0078125,75.29501252003197,0.17370592948717695,152,189.69676282051267
app_5936,lagged_tracking_service,5,0.49158653846153844,2.6703927534054466,3.4633528145032075,1661,130.96881460336533
app_5936,predictive_service,5,0.022235576923076924,56.46497034514561,0.5606555189046429,363,187.66608949070402
app_66,reactive_service,5,0.061899038461538464,46.09783663862182,3.2440114182692317,294,113.47259615384624
app_66,lagged_tracking_service,5,0.4969951923076923,1.0233658353365451,7.9612441706730825,1661,74.27370823818116
app_66,predictive_service,5,0.08533653846153846,49.221712990230245,5.478037137578464,418,124.95526242616948
app_4265,reactive_service,5,0.025841346153846152,77.17003305288432,3.199802684294922,115,191.66379006410122
app_4265,lagged_tracking_service,5,0.4957932692307692,2.205687750400592,9.143157527043336,1661,128.4101238731958
app_4265,predictive_service,5,0.03786057692307692,30.41136031629156,5.290968619269458,356,160.46798534686064
app_4474,reactive_service,5,0.0,36.606419771634584,0.0,209,82.44139423076919
app_4474,lagged_tracking_service,5,0.47716346153846156,0.6911345903445485,1.1761034405048063,1661,52.22525177784452
app_4474,predictive_service,5,0.01141826923076923,25.813763555886037,0.06404832166967114,357,78.45993586222114
app_6651,reactive_service,5,0.006009615384615385,36.323204126602654,0.022002203525640477,238,97.36895833333344
app_6651,lagged_tracking_service,5,0.48617788461538464,1.2572426382211597,1.342199143629808,1659,70.14296336638621
app_6651,predictive_service,5,0.020432692307692308,38.786527216863185,0.220700957330686,384,108.79374613132735
app_4077,reactive_service,5,0.004206730769230769,44.15490134214752,0.20781049679487143,142,128.98307692307694
app_4077,lagged_tracking_service,5,0.5006009615384616,1.6804698267227627,2.492495392628207,1662,96.97935842347754
app_4077,predictive_service,5,0.05228365384615385,20.41387777460162,0.684639840277183,402,117.52062192370741
app_6593,reactive_service,5,0.0006009615384615385,29.63647986778848,0.008182091346153851,75,82.65028846153847
app_6593,lagged_tracking_service,5,0.48617788461538464,0.6979061247996797,0.8816537960737197,1660,60.791541616586514
app_6593,predictive_service,5,0.001201923076923077,16.08311276298834,0.016312252846578317,403,77.04208979800231
app_4799,reactive_service,5,0.03064903846153846,21.147981270032066,0.3691085737179486,241,49.19463141025642
app_4799,lagged_tracking_service,5,0.5006009615384616,1.3934722806490378,3.0970575420673065,1661,30.97453725961539
app_4799,predictive_service,5,0.029447115384615384,26.355178255922322,0.47405559360857047,384,58.55924518334741
app_5102,reactive_service,5,0.02403846153846154,25.97250100160246,0.48008213141026,110,64.37319711538436
app_5102,lagged_tracking_service,5,0.4909855769230769,0.806480418669869,2.315952398838139,1662,43.20342300180267
app_5102,predictive_service,5,0.025240384615384616,15.103185316767657,0.9895488871527718,371,58.82653141158583
app_1826,reactive_service,5,0.04807692307692308,16.73433844150641,2.021039663461539,267,39.519318910256374
app_1826,lagged_tracking_service,5,0.484375,1.1292437149439112,4.46660349058494,1659,25.189563376402205
app_1826,predictive_service,5,0.05588942307692308,18.34663483456085,2.445639952320837,389,44.42791803428324
app_2695,reactive_service,5,0.03125,22.47709785657044,2.9638361378205245,168,51.42947115384602
app_2695,lagged_tracking_service,5,0.49278846153846156,0.8046633363381408,5.361455228365397,1660,32.14684895833325
app_2695,predictive_service,5,0.03245192307692308,22.852356280505163,3.1445652084993765,407,56.41143192236629
app_2989,reactive_service,5,0.03545673076923077,4.955079126602564,0.9947105368589765,176,11.87383012820509
app_2989,lagged_tracking_service,5,0.43990384615384615,0.5753043619791675,1.6356708984375021,1658,8.040114232772394
app_2989,predictive_service,5,0.05889423076923077,4.189885847582915,1.488834323696886,472,11.801532293116756
app_1552,reactive_service,5,0.022235576923076924,107.0283378405448,0.634208733974366,518,325.00891826923066
app_1552,lagged_tracking_service,5,0.4723557692307692,8.236875250400708,10.120409179687567,1662,249.52347360777247
app_1552,predictive_service,5,0.0078125,153.57090254643862,0.14906322796712887,338,404.82884685553086
app_3514,reactive_service,5,0.0030048076923076925,80.62924589342938,0.01952824519230882,504,249.15258012820485
app_3514,lagged_tracking_service,5,0.45552884615384615,7.218678751001599,3.300326246995184,1662,197.74264435596922
app_3514,predictive_service,5,0.5943509615384616,25.962279108286126,20.177435179573656,435,199.60913578067533
app_8719,reactive_service,5,0.0,54.29653896233988,0.0,336,152.48581730769246
app_8719,lagged_tracking_service,5,0.4597355769230769,1.4844011418269203,1.5327883363381394,1662,112.86928290264422
app_8719,predictive_service,5,0.001201923076923077,68.08080676249361,0.0033550307491991495,342,180.9951218288998
app_1276,reactive_service,5,0.021033653846153848,59.44127153445519,0.29982572115383455,110,141.6518990384617
app_1276,lagged_tracking_service,5,0.5012019230769231,1.462687424879789,3.7833752504006024,1662,92.56633338341356
app_1276,predictive_service,5,0.031850961538461536,30.416589650419034,1.1307502325837988,386,124.1728606267696
app_9678,reactive_service,5,0.008413461538461538,85.9980298477566,0.14542568108974135,345,259.85874198717914
app_9678,lagged_tracking_service,5,0.48257211538461536,2.498040915464682,4.6789042718349245,1662,197.92619513721885
app_9678,predictive_service,5,0.008413461538461538,80.83273458928718,0.2294303541173247,360,280.71036272875904
app_3715,reactive_service,5,0.0,67.5028946314104,0.0,354,202.76932692307702
app_3715,lagged_tracking_service,5,0.46935096153846156,2.9959229266826806,2.9476697465945443,1662,155.60465031550473
app_3715,predictive_service,5,0.0006009615384615385,70.75329613990363,0.00010300931490385519,351,226.30959026600536
app_8532,reactive_service,5,0.025240384615384616,32.38763972355759,4.282221554487186,310,80.31454326923065
app_8532,lagged_tracking_service,5,0.48257211538461536,1.201070187299689,7.366886768830126,1660,53.87467728365384
app_8532,predictive_service,5,0.025240384615384616,70.9222389974961,4.079951874999997,312,126.88278098768038
app_1499,reactive_service,5,0.025240384615384616,35.95310897435872,4.054440104166689,203,87.13211538461509
app_1499,lagged_tracking_service,5,0.48497596153846156,1.459741962139439,7.4948669370993946,1662,57.483338516626524
app_1499,predictive_service,5,0.03125,38.79792412765318,4.686182552879473,350,97.6302050663602
app_5428,reactive_service,5,0.0,47.065745693108965,0.0,53,159.4067628205127
app_5428,lagged_tracking_service,5,0.49278846153846156,1.3315138972355716,1.6983498597756361,1662,128.82533373397425
app_5428,predictive_service,5,0.0006009615384615385,22.054762210942666,0.0021359220516716107,377,151.24479598540532
app_7414,reactive_service,5,0.002403846153846154,32.1469861778846,0.014448116987179559,77,86.09742788461534
app_7414,lagged_tracking_service,5,0.4951923076923077,0.8268746995192297,1.1339279597355783,1662,61.752570037059286
app_7414,predictive_service,5,0.014423076923076924,13.667620458332353,0.17439874595078314,446,75.5528450096572
app_7048,reactive_service,5,0.08834134615384616,110.75694621394271,3.450803786057643,618,316.3323076923082
app_7048,lagged_tracking_service,5,0.47055288461538464,8.46805218349358,13.949693594751567,1662,234.89844864282864
app_7048,predictive_service,5,0.0811298076923077,122.91902618983289,3.0148177784455155,458,360.284298465474
app_6491,reactive_service,5,0.046875,36.08380859375002,0.7668209134615385,460,93.45197115384616
app_6491,lagged_tracking_service,5,0.4969951923076923,4.355043494591343,7.798855994591355,1662,63.41141849459131
app_6491,predictive_service,5,0.021634615384615384,60.569328259427564,0.45799635450053483,387,126.96656289951835
app_5546,reactive_service,5,0.0,42.101725761217935,0.0,117,115.02673076923072
app_5546,lagged_tracking_service,5,0.4891826923076923,1.1246825420673099,1.278164763621798,1661,83.71027353766027
app_5546,predictive_service,5,0.002403846153846154,21.069101248535215,0.018534958397920735,375,104.91432204935205
app_8981,reactive_service,5,0.005408653846153846,10.131564503205123,0.13591947115384628,41,25.060649038461477
app_8981,lagged_tracking_service,5,0.4735576923076923,0.29409820713140983,0.5244133112980772,1660,17.09443950320506
app_8981,predictive_service,5,0.009615384615384616,6.732271802326678,0.20754764959427183,495,23.84947876010413
app_4353,reactive_service,5,0.0006009615384615385,23.6146078725962,0.0009615384615384795,25,64.0628365384616
app_4353,lagged_tracking_service,5,0.48978365384615385,0.5096640624999995,0.5194280598958341,1661,46.50680473758012
app_4353,predictive_service,5,0.0,9.029118810998536,0.0,438,55.545687545974495
app_1063,reactive_service,5,0.013822115384615384,52.73336067708337,0.13936899038461298,206,160.5456730769233
app_1063,lagged_tracking_service,5,0.48978365384615385,4.01768561698719,4.602374674479153,1661,123.55974454126618
app_1063,predictive_service,5,0.004206730769230769,65.13757209531332,0.05683067770736726,340,189.22517501636412
app_7073,reactive_service,5,0.008413461538461538,14.7583012820513,0.10814202724358966,62,34.33626602564102
app_7073,lagged_tracking_service,5,0.4873798076923077,0.39934046975160487,0.8226440304487217,1660,22.215719225761177
app_7073,predictive_service,5,0.009615384615384616,14.855816452729208,0.07192360645652095,456,37.422915632730984
app_3275,reactive_service,5,0.07151442307692307,42.91960036057746,7.397345753205054,495,106.23333333333368
app_3275,lagged_tracking_service,5,0.4891826923076923,11.185132136418146,12.301957231570514,1662,80.2009154397031
app_3275,predictive_service,5,0.08533653846153846,43.14596055362514,13.433147390276847,341,111.03055369820378
app_3755,reactive_service,5,0.0030048076923076925,74.29035907451951,0.005591947115383526,571,242.62611378205145
app_3755,lagged_tracking_service,5,0.4933894230769231,3.4946131560496196,1.9175208834134447,1662,195.16964092548068
app_3755,predictive_service,5,0.006610576923076923,89.5297498700448,0.03630284967197424,395,283.0859956732173
app_2754,reactive_service,5,0.002403846153846154,80.19304226762803,0.009840745192307983,173,215.4332451923075
app_2754,lagged_tracking_service,5,0.4777644230769231,2.212562810496783,2.9527424879807547,1662,154.79737054286858
app_2754,predictive_service,5,0.009615384615384616,49.223618972872515,0.0866707125639093,344,204.67449848066113
app_4483,reactive_service,5,0.0,33.294465144230806,0.0,185,97.2644070512821
app_4483,lagged_tracking_service,5,0.4855769230769231,0.7455907952724327,0.6827986778846147,1662,73.62822531049677
app_4483,predictive_service,5,0.0,22.244837872037692,0.0,405,95.81027106514664
app_2899,reactive_service,5,0.001201923076923077,64.40206029647442,0.008207131410256445,156,184.48043269230777
app_2899,lagged_tracking_service,5,0.48617788461538464,3.57540875400642,4.180551131810898,1661,137.49442407852564
app_2899,predictive_service,5,0.0078125,42.621284001847194,0.05380703614300731,360,180.6670434220343
app_6034,reactive_service,5,0.0030048076923076925,29.57195412660254,0.010380608974358841,70,78.47920673076918
app_6034,lagged_tracking_service,5,0.48617788461538464,0.6802362780448725,0.8634281600560887,1662,56.07208631310095
app_6034,predictive_service,5,0.0030048076923076925,14.272702656496278,0.03155614566639956,391,70.49642470594205
app_2128,reactive_service,5,0.0,13.875542367788443,0.0,14,45.345905448717886
app_2128,lagged_tracking_service,5,0.5006009615384616,0.4313567708333371,0.44184430088141435,1661,36.18043001302079
app_2128,predictive_service,5,0.0006009615384615385,5.958839936697615,0.0014659080528846098,544,42.1482915717136
app_7890,reactive_service,5,0.005408653846153846,5.777070312500002,0.027299679487179544,27,14.496682692307655
app_7890,lagged_tracking_service,5,0.49038461538461536,0.18292202524038345,0.2500634264823706,1653,9.991807466947071
app_7890,predictive_service,5,0.008413461538461538,5.6993787996187475,0.0702248041080015,516,15.688102863699804
app_2895,reactive_service,5,0.025841346153846152,9.171515925480765,0.11613681891025697,132,21.360048076923004
app_2895,lagged_tracking_service,5,0.4813701923076923,0.5508084435096138,0.8404318409455132,1656,13.860745918469473
app_2895,predictive_service,5,0.028846153846153848,10.510844808434724,0.1902098842544898,426,24.471004240085602
app_17,reactive_service,5,0.001201923076923077,9.710966045673059,0.008949318910256576,12,23.444479166666575
app_17,lagged_tracking_service,5,0.48497596153846156,0.20869300881410263,0.24137655248397477,1660,15.771148262219466
app_17,predictive_service,5,0.006009615384615385,4.219837297845031,0.035018274355636064,544,19.988650829378727
app_732,reactive_service,5,0.0006009615384615385,48.727800981570766,0.0008974358974357815,211,156.673197115385
app_732,lagged_tracking_service,5,0.48978365384615385,1.0901125300480716,1.0249665464743478,1662,124.2033835887421
app_732,predictive_service,5,0.0,38.020126108000454,0.0,416,162.15836371316885
app_6217,reactive_service,5,0.001201923076923077,6.731835937499998,0.0036929086538461877,23,14.687932692307623
app_6217,lagged_tracking_service,5,0.47055288461538464,0.21718897736378204,0.26896226462339745,1654,9.101984825721068
app_6217,predictive_service,5,0.006610576923076923,3.7320676000408968,0.024147952426223345,447,12.86167776059536
app_4812,reactive_service,5,0.0,43.29561147836547,0.0,52,138.19576923076937
app_4812,lagged_tracking_service,5,0.5,1.0233853665865402,1.1533708934294882,1662,109.00519588842151
app_4812,predictive_service,5,0.0018028846153846155,17.01527027104693,0.011215995050413766,405,126.13923569126099
app_8492,reactive_service,5,0.005408653846153846,41.45224759615395,0.18144230769230704,203,114.39918269230779
app_8492,lagged_tracking_service,5,0.47055288461538464,1.5519968950320562,1.7461927333733935,1662,83.90343817608178
app_8492,predictive_service,5,0.013221153846153846,43.420530529492666,0.24150340801949874,349,127.27666113589626
app_8727,reactive_service,5,0.002403846153846154,74.49214092548056,0.006711738782051908,261,210.1582451923074
app_8727,lagged_tracking_service,5,0.48497596153846156,3.516632687299674,3.51607239082531,1662,156.02429870292463
app_8727,predictive_service,5,0.002403846153846154,60.90040909728163,0.007955894208829327,359,216.91619160952308
app_5884,reactive_service,5,0.004206730769230769,12.458127504006466,0.05174278846153839,63,39.75012019230772
app_5884,lagged_tracking_service,5,0.5012019230769231,0.36564385516826997,0.5262837790464755,1658,31.284655874399007
app_5884,predictive_service,5,0.38341346153846156,2.4259977053110378,1.2143583050615026,500,32.656935198526746
app_9529,reactive_service,5,0.003605769230769231,74.79493559695501,0.04328725961538504,343,222.06802884615385
app_9529,lagged_tracking_service,5,0.4951923076923077,2.5564259615385017,3.441636293068922,1662,168.52862725360586
app_9529,predictive_service,5,0.03545673076923077,50.21640053040194,0.5321000225843501,375,219.0981380929539
app_8775,reactive_service,5,0.1141826923076923,76.24268930288446,12.227863080929485,677,201.60495993589737
app_8775,lagged_tracking_service,5,0.46153846153846156,10.144059144631381,32.17137888120988,1662,136.20133403445516
app_8775,predictive_service,5,0.05709134615384615,235.35301971193482,5.619865660131191,458,387.96180782283733
